filename,width,height,class,xmin,ymin,xmax,ymax
0.jpg,180,270,nomask,54,31,112,106
0003.jpg,3000,2002,mask,1266,791,2072,1745
0006.jpg,1600,1063,mask,936,303,1264,632
0018.jpg,819,460,mask,315,101,465,238
0019.jpg,1600,900,mask,588,113,1046,668
0022.jpg,892,571,mask,477,253,627,385
0022.jpg,892,571,mask,71,291,193,343
0022.jpg,892,571,mask,754,220,841,272
0027.jpg,735,490,mask,286,123,396,230
0029.jpg,800,520,mask,444,141,572,243
0037.jpg,900,510,mask,179,231,389,420
0040.jpg,960,540,mask,307,132,411,216
0042.jpg,1600,900,mask,572,292,991,548
0043.jpg,1800,1800,mask,958,708,1366,1027
0048.jpg,640,432,mask,246,151,347,230
0055.jpg,1200,630,mask,461,265,736,458
0063.jpg,615,409,mask,376,166,516,265
0066.jpg,615,409,mask,180,172,421,363
0091.jpg,910,480,mask,421,237,627,390
0110.jpg,852,480,mask,367,254,588,429
0113.jpg,852,480,mask,359,172,517,308
0115.jpg,852,480,mask,313,129,422,237
0126.jpg,1000,1000,mask,237,489,682,893
0127.jpg,852,480,mask,347,213,539,395
0150.jpg,1024,683,mask,444,290,685,510
0153.jpg,464,640,mask,114,204,311,381
0158.jpg,1024,576,mask,148,291,460,515
0160.jpg,678,381,mask,318,164,550,345
0161.jpg,1400,950,mask,569,331,864,581
0166.jpg,670,911,mask,135,362,496,728
0170.jpg,1200,850,mask,431,386,715,690
0171.jpg,1024,576,mask,285,202,517,350
0188.jpg,786,786,mask,269,268,569,548
0190.jpg,700,467,mask,276,163,420,305
0198.jpg,1200,801,mask,613,229,799,429
0201.jpg,1200,800,mask,478,385,794,663
0202.jpg,1000,525,mask,494,218,752,471
0205.jpg,480,640,mask,217,194,324,277
0212.jpg,700,467,mask,293,158,491,302
0216.jpg,620,413,mask,287,173,460,293
0220.jpg,700,933,mask,141,472,487,797
0241.jpg,1024,1024,mask,387,330,654,586
0243.jpg,1024,683,mask,495,263,807,559
0247.jpg,520,520,mask,164,262,378,445
0249.jpg,559,699,mask,131,321,416,541
0257.jpg,1463,976,mask,550,362,949,633
0267.jpg,1300,975,mask,309,314,596,626
0269.jpg,750,563,mask,196,172,610,495
0273.jpg,1200,800,mask,467,297,768,576
0277.jpg,1024,768,mask,341,273,735,655
0286.jpg,940,627,mask,557,231,812,438
0309.jpg,1500,1500,mask,429,702,1025,1122
0317.jpg,960,660,mask,350,256,618,454
0323.jpg,621,780,mask,133,320,444,599
0343.jpg,1200,800,mask,483,284,752,494
0372.jpg,700,700,mask,221,371,544,596
0384.jpg,1024,819,mask,330,378,731,780
0385.jpg,2048,1365,mask,670,559,1147,969
0414.jpg,962,1188,mask,314,294,592,596
0415.jpg,650,433,mask,201,130,305,270
0417.jpg,634,896,mask,109,324,512,647
0418.jpg,634,634,mask,166,243,404,475
0421.jpg,634,585,mask,293,203,471,351
0427.jpg,634,793,mask,158,320,476,602
0451.jpg,1023,1024,mask,272,380,636,630
0466.jpg,700,450,mask,205,201,356,355
0469.jpg,1400,932,mask,391,569,931,865
0470.jpg,1050,1500,mask,252,422,613,695
0481.jpg,1024,787,mask,473,209,721,399
0482.jpg,681,1024,mask,154,457,532,667
0486.jpg,1296,728,mask,191,417,603,683
0488.jpg,700,1000,mask,134,437,602,804
0493.jpg,1800,1800,mask,402,894,1336,1561
0498.jpg,757,1024,mask,400,277,742,622
0499.jpg,1024,963,mask,325,365,735,623
0505.jpg,520,345,mask,184,157,331,252
0506.jpg,517,1023,mask,44,264,277,428
0536.jpg,600,620,mask,164,209,415,439
0544.jpg,852,480,mask,144,166,423,375
0545.jpg,400,533,mask,108,239,244,382
0547.jpg,1080,1349,mask,321,480,758,820
0558.jpg,643,960,mask,205,355,452,519
0559.jpg,1080,1080,mask,303,499,772,899
0561.jpg,750,731,mask,197,226,496,479
0566.jpg,768,1024,mask,207,457,539,696
0577.jpg,500,765,mask,137,300,387,520
0582.jpg,405,600,mask,49,318,306,534
0583.jpg,4000,2667,mask,1362,883,1970,1350
0592.jpg,1024,683,mask,589,250,879,515
0614.jpg,768,1024,mask,206,488,543,786
0626.jpg,1023,690,mask,387,338,659,540
0638.jpg,1024,685,mask,371,304,626,492
0639.jpg,1024,683,mask,182,222,631,572
0644.jpg,1024,683,mask,335,287,613,426
0650.jpg,769,1024,mask,42,591,424,952
0655.jpg,1024,683,mask,430,235,616,393
0657.jpg,768,1024,mask,265,374,556,617
0660.jpg,768,1024,mask,254,653,606,988
0661.jpg,549,1024,mask,222,603,472,796
0669.jpg,1024,683,mask,346,345,584,564
0671.jpg,500,639,mask,188,181,475,478
0676.jpg,1024,683,mask,432,305,613,467
0690.jpg,1024,1024,mask,240,607,576,941
0693.jpg,1024,1024,mask,388,272,635,446
0698.jpg,730,1024,mask,298,294,505,464
0714.jpg,768,1024,mask,287,358,532,546
0715.jpg,768,1024,mask,162,478,617,863
0719.jpg,1024,694,mask,428,202,563,314
0725.jpg,1024,864,mask,399,421,632,668
0726.jpg,683,1024,mask,285,499,574,771
0727.jpg,768,1024,mask,185,392,479,682
0731.jpg,768,1024,mask,262,324,570,608
0733.jpg,871,1024,mask,197,499,621,869
0737.jpg,1024,576,mask,136,46,605,393
0743.jpg,721,960,mask,302,468,570,692
0746.jpg,769,1024,mask,332,533,576,741
0748.jpg,1024,683,mask,409,292,718,510
0750.jpg,1024,683,mask,468,210,698,488
0759.jpg,768,1024,mask,164,496,628,877
0760.jpg,1024,683,mask,487,329,665,454
0761.jpg,1024,683,mask,251,278,471,464
0763.jpg,768,1024,mask,32,307,685,928
0769.jpg,1024,683,mask,183,295,375,413
0770.jpg,768,1024,mask,268,425,595,675
0772.jpg,1024,683,mask,223,218,738,607
0773.jpg,1024,683,mask,272,338,628,570
0777.jpg,640,480,mask,277,223,474,379
0779.jpg,770,1024,mask,193,374,602,714
0780.jpg,683,1024,mask,203,367,555,646
0782.jpg,683,1024,mask,149,344,491,646
0784.jpg,775,1023,mask,159,527,609,921
0786.jpg,768,1024,mask,84,357,456,639
0787.jpg,1024,683,mask,400,314,625,522
0791.jpg,1023,731,mask,523,193,804,429
0792.jpg,769,1024,mask,187,486,478,821
0802.jpg,683,1024,mask,236,432,522,722
0803.jpg,1023,731,mask,354,330,663,687
0805.jpg,1024,1024,mask,115,522,437,760
0805.jpg,1024,1024,mask,684,572,737,619
0806.jpg,768,1024,mask,121,413,693,922
0831.jpg,769,1024,mask,151,508,643,911
0837.jpg,640,480,mask,257,205,409,383
0838.jpg,1023,508,mask,496,266,741,446
0862.jpg,769,1024,mask,176,400,671,796
0864.jpg,1024,872,mask,317,309,581,525
0888.jpg,1024,683,mask,320,379,684,683
0891.jpg,1023,681,mask,368,278,590,448
0911.jpg,650,433,mask,236,161,395,305
0913.jpg,1024,684,mask,259,220,511,452
0930.jpg,1047,1449,mask,334,555,846,1072
0932.jpg,512,384,mask,190,132,351,274
0936.jpg,1071,715,mask,376,259,651,577
0943.jpg,768,768,mask,352,280,606,426
0951.jpg,600,450,mask,213,164,521,389
0954.jpg,1067,1332,mask,270,412,731,686
0972.jpg,1100,825,mask,443,424,843,699
0976.jpg,800,572,mask,210,221,556,497
0988.jpg,1071,738,mask,574,148,972,553
0994.jpg,400,400,mask,118,134,264,244
1.jpg,154,225,nomask,29,41,133,177
10.jpg,274,366,nomask,49,92,216,272
100.jpg,320,428,nomask,53,42,270,357
101.jpg,320,428,nomask,50,72,271,355
102.jpg,320,433,nomask,68,68,268,353
1020.jpg,1440,1010,mask,472,469,963,809
1039.jpg,640,478,mask,268,163,468,380
104.jpg,324,341,nomask,45,93,222,295
1040.jpg,600,800,mask,176,391,556,674
1041.jpg,500,500,mask,119,248,302,392
105.jpg,214,244,nomask,43,33,137,176
1053.jpg,1422,800,mask,531,338,854,558
1054.jpg,768,432,mask,339,160,470,259
1058.jpg,1000,750,mask,362,376,738,706
106.jpg,428,484,nomask,139,106,358,374
1067.jpg,619,413,mask,382,180,557,360
107.jpg,320,433,nomask,62,80,256,374
108.jpg,320,428,nomask,66,81,259,373
1083.jpg,640,640,mask,153,218,410,457
109.jpg,296,374,nomask,61,59,201,272
1095.jpg,550,550,mask,154,246,440,463
1096.jpg,1200,630,mask,272,158,729,564
11.jpg,225,224,nomask,74,59,161,172
110.jpg,594,960,nomask,131,114,300,380
1106.jpg,640,640,mask,169,114,425,449
1107.jpg,570,760,mask,143,370,475,589
1109.jpg,910,480,mask,283,192,503,348
111.jpg,320,428,nomask,68,93,250,348
1110.jpg,1080,1080,mask,336,427,672,749
1112.jpg,1050,2184,mask,125,781,935,1301
1115.jpg,453,680,mask,237,163,383,285
1117.jpg,2560,2560,mask,704,1248,2080,2288
112.jpg,266,344,nomask,77,44,212,206
1132.jpg,960,640,mask,372,281,663,561
1133.jpg,960,640,mask,214,225,477,462
1135.jpg,1024,768,mask,200,408,574,713
1135.jpg,1024,768,mask,496,406,787,700
1136.jpg,1000,600,mask,389,278,693,546
1137.jpg,975,705,mask,386,211,566,388
114.jpg,327,433,nomask,80,72,278,370
115.jpg,320,428,nomask,60,97,244,363
1154.jpg,750,1124,mask,87,517,499,755
1155.jpg,1108,1478,mask,204,427,874,866
1159.jpg,860,600,mask,182,167,556,482
116.jpg,300,300,nomask,114,24,200,146
1160.jpg,1024,1024,mask,379,478,702,744
1166.jpg,730,410,mask,268,170,489,317
117.jpg,320,428,nomask,55,120,263,375
1172.jpg,600,600,mask,162,228,307,372
1173.jpg,2986,1680,mask,601,736,1507,1300
118.jpg,295,400,nomask,89,38,225,241
119.jpg,320,428,nomask,64,97,282,372
1195.jpg,4231,2282,mask,1307,1058,2594,2136
12.jpg,320,428,nomask,63,70,288,359
120.jpg,320,428,nomask,60,90,286,361
1214.jpg,4364,3018,mask,1844,1075,2553,1761
122.jpg,320,428,nomask,72,80,274,339
123.jpg,320,428,nomask,69,98,252,356
1234.jpg,700,875,mask,277,269,700,667
124.jpg,320,428,nomask,69,82,279,361
1243.jpg,720,960,mask,151,264,588,575
1246.jpg,917,612,mask,312,214,542,370
1247.jpg,640,640,mask,205,297,497,522
125.jpg,327,433,nomask,76,85,265,349
1251.jpg,720,428,mask,257,213,437,361
1255.jpg,720,480,mask,347,167,456,256
1264.jpg,720,938,mask,210,465,467,725
127.jpg,190,265,nomask,16,43,156,193
1278.jpg,797,555,mask,309,161,494,281
1279.jpg,700,416,mask,319,127,447,277
128.jpg,312,351,nomask,69,41,235,275
1280.jpg,780,439,mask,231,141,627,422
129.jpg,320,428,nomask,78,106,268,378
1290.jpg,960,960,mask,315,252,547,449
1291.jpg,624,417,mask,241,125,374,224
13.jpg,320,428,nomask,44,62,276,362
130.jpg,768,960,nomask,307,174,556,564
131.jpg,340,417,nomask,86,101,263,333
132.jpg,720,540,nomask,279,115,370,241
1323.jpg,1440,880,mask,673,464,960,657
133.jpg,320,428,nomask,87,102,270,369
1338.jpg,600,900,mask,165,414,436,643
1339.jpg,1960,1200,mask,642,552,1099,817
134.jpg,320,428,nomask,60,103,260,367
1340.jpg,598,900,mask,249,188,378,282
1346.jpg,1024,768,mask,356,248,646,444
135.jpg,320,428,nomask,63,69,260,356
136.jpg,285,372,nomask,61,57,234,294
1369.jpg,800,532,mask,404,215,570,351
137.jpg,259,194,nomask,71,37,170,158
1378.jpg,590,393,mask,226,175,366,286
138.jpg,956,960,nomask,375,294,573,555
1383.jpg,450,450,mask,132,191,315,342
139.jpg,320,428,nomask,59,98,258,371
1394.jpg,2521,1420,mask,924,553,1472,994
14.jpg,184,274,nomask,58,47,135,143
140.jpg,320,428,nomask,78,105,263,380
1405.jpg,650,650,mask,1,250,305,545
1405.jpg,650,650,mask,366,254,650,479
1406.jpg,900,1200,mask,268,403,675,720
1409.jpg,1200,800,mask,537,253,882,584
141.jpg,197,256,nomask,28,23,166,236
142.jpg,196,258,nomask,50,76,156,186
143.jpg,238,212,nomask,21,9,82,118
143.jpg,238,212,nomask,118,1,236,162
1430.jpg,1885,1414,mask,264,672,1133,1276
145.jpg,320,428,nomask,59,81,260,387
1453.jpg,1199,674,mask,436,178,834,513
1455.jpg,1000,659,mask,290,203,763,576
1456.jpg,960,540,mask,390,170,537,346
146.jpg,321,434,nomask,73,52,262,324
1462.jpg,724,483,mask,392,146,526,258
1471.jpg,960,1200,mask,71,294,651,774
1473.jpg,768,768,mask,287,220,559,490
148.jpg,320,428,nomask,90,89,263,326
1486.jpg,750,500,mask,238,163,381,279
1487.jpg,750,500,mask,263,208,425,319
1488.jpg,960,1200,mask,258,351,709,791
149.jpg,320,428,nomask,65,106,258,391
1490.jpg,1600,900,mask,618,210,852,500
1491.jpg,1000,757,mask,553,260,863,473
1492.jpg,700,932,mask,137,205,493,531
1493.jpg,700,933,mask,268,460,545,782
15.jpg,320,428,nomask,53,69,265,369
1503.jpg,1280,921,mask,568,362,649,418
1506.jpg,1080,720,mask,485,187,691,387
151.jpg,273,400,nomask,37,91,228,362
1511.jpg,800,567,mask,267,70,312,116
1512.jpg,1080,720,mask,287,281,542,512
1513.jpg,1080,720,mask,415,326,700,532
1514.jpg,1080,720,mask,419,227,627,341
1515.jpg,1080,720,mask,392,303,758,617
1517.jpg,840,1260,mask,168,326,531,610
1518.jpg,1080,720,mask,394,381,688,592
152.jpg,205,246,nomask,48,47,157,197
1520.jpg,1080,731,mask,385,398,675,633
1523.jpg,1280,827,mask,469,360,802,681
1526.jpg,2000,1250,mask,664,511,1424,1133
1527.jpg,1200,675,mask,527,232,737,383
153.jpg,195,259,nomask,28,53,172,241
1530.jpg,640,420,mask,267,304,402,402
1536.jpg,1200,1094,mask,633,330,985,612
1539.jpg,902,1200,mask,231,633,682,1045
154.jpg,226,250,nomask,41,58,165,192
1548.jpg,591,585,mask,116,257,445,502
155.jpg,206,244,nomask,43,52,114,131
1553.jpg,500,498,mask,206,206,380,353
1554.jpg,800,450,mask,299,182,523,319
1554.jpg,800,450,mask,659,43,723,105
1555.jpg,474,710,mask,127,208,338,374
1556.jpg,768,768,mask,320,243,479,419
156.jpg,260,194,nomask,94,42,172,141
1560.jpg,750,926,mask,214,450,645,759
1562.jpg,800,450,mask,300,182,491,338
1562.jpg,800,450,nomask,490,154,554,269
1568.jpg,880,495,mask,229,222,531,464
157.jpg,374,584,nomask,88,185,330,507
1574.jpg,1024,633,mask,413,320,677,506
1576.jpg,900,1200,mask,168,482,577,838
1577.jpg,794,1024,mask,239,507,616,764
158.jpg,320,433,nomask,68,66,279,364
1583.jpg,1920,1080,mask,661,580,1363,1063
1584.jpg,750,937,mask,153,428,589,839
1589.jpg,456,810,mask,47,279,304,459
159.jpg,201,289,nomask,40,90,165,233
1598.jpg,1600,900,mask,659,295,965,519
16.jpg,512,594,nomask,103,21,374,421
160.jpg,165,208,nomask,43,21,116,122
1600.jpg,1536,864,mask,846,354,1122,622
1601.jpg,700,525,mask,258,179,407,301
1609.jpg,1000,750,mask,371,298,572,530
161.jpg,188,283,nomask,21,99,141,247
162.jpg,320,433,nomask,79,83,291,364
1626.jpg,968,681,mask,358,277,631,475
1628.jpg,600,500,mask,92,235,452,476
163.jpg,320,433,nomask,61,84,253,361
1631.jpg,976,1024,mask,232,411,613,711
1634.jpg,626,417,mask,192,162,351,269
1635.jpg,626,417,mask,373,137,501,242
1636.jpg,501,626,mask,181,371,332,489
1637.jpg,415,552,mask,107,331,308,492
164.jpg,192,262,nomask,37,65,147,209
1645.jpg,544,544,mask,229,214,355,315
166.jpg,327,433,nomask,65,70,263,366
1664.jpg,3184,2120,mask,1307,666,2056,1231
1669.jpg,775,425,mask,290,159,475,299
168.jpg,225,240,nomask,60,6,181,174
1689.jpg,1400,933,mask,534,427,797,642
169.jpg,257,196,nomask,112,21,215,167
17.jpg,322,436,nomask,64,157,248,396
170.jpg,203,248,nomask,75,53,121,104
1701.jpg,2000,1333,mask,820,761,1228,1161
1702.jpg,750,400,mask,210,165,513,386
171.jpg,318,442,nomask,67,98,264,381
1713.jpg,850,850,mask,286,231,501,374
172.jpg,259,194,nomask,80,28,168,151
1721.jpg,1024,683,mask,476,234,672,491
1727.jpg,700,394,mask,142,129,546,378
173.jpg,203,233,nomask,68,39,130,137
1731.jpg,1600,900,mask,593,350,1193,842
174.jpg,338,414,nomask,59,80,234,309
175.jpg,225,225,nomask,64,33,153,140
176.jpg,320,428,nomask,63,97,265,368
177.jpg,296,170,nomask,99,44,179,146
1773.jpg,819,1024,mask,229,269,543,571
178.jpg,320,428,nomask,90,50,274,325
179.jpg,189,267,nomask,30,32,163,223
1793.jpg,730,411,mask,291,105,385,175
1794.jpg,975,651,mask,448,253,670,441
1797.jpg,1920,1280,mask,736,557,1246,882
18.jpg,236,285,nomask,82,38,191,202
180.jpg,320,428,nomask,66,95,261,363
1802.jpg,612,408,mask,157,153,272,260
1803.jpg,422,406,mask,148,201,295,320
1804.jpg,408,612,mask,126,198,241,293
181.jpg,202,249,nomask,56,70,141,170
1818.jpg,500,667,mask,171,271,326,394
1828.jpg,1080,1080,mask,223,515,834,1080
1829.jpg,850,850,mask,264,311,517,500
183.jpg,320,428,nomask,61,89,263,376
184.jpg,379,465,nomask,72,107,302,425
1841.jpg,414,414,mask,192,169,325,308
1843.jpg,1200,800,mask,333,379,707,655
1845.jpg,626,939,mask,140,406,391,580
1848.jpg,626,417,mask,293,176,415,257
185.jpg,270,152,nomask,69,1,217,152
186.jpg,327,433,nomask,71,68,269,366
187.jpg,320,428,nomask,83,102,275,364
1874.jpg,4000,6000,mask,1036,2081,2072,2954
1876.jpg,800,637,mask,223,177,434,367
1877.jpg,3744,5616,mask,1026,1198,2026,2043
1879.jpg,2848,4272,mask,791,2076,2064,3216
188.jpg,259,194,nomask,82,12,167,143
1880.jpg,6179,4119,mask,1771,1428,4264,3171
1882.jpg,626,417,mask,127,199,329,356
1887.jpg,1500,1075,mask,243,237,653,581
1889.jpg,3000,2000,mask,1087,1002,2075,1687
1891.jpg,768,478,mask,255,165,496,339
1894.jpg,1280,720,mask,574,376,878,611
1896.jpg,600,337,mask,329,135,442,231
19.jpg,320,428,nomask,69,101,268,362
1902.jpg,630,420,mask,240,142,354,276
1905.jpg,557,557,mask,185,231,402,422
191.jpg,513,590,nomask,141,93,429,489
1917.jpg,534,401,mask,110,91,221,194
192.jpg,480,640,nomask,175,188,293,338
193.jpg,320,428,nomask,64,72,268,363
194.jpg,327,433,nomask,78,55,282,377
195.jpg,740,516,nomask,163,47,412,317
1959.jpg,1279,1920,mask,406,580,865,912
196.jpg,320,428,nomask,57,83,255,372
197.jpg,320,428,nomask,69,91,261,381
198.jpg,225,225,nomask,71,46,172,200
1997.jpg,1080,1350,mask,315,517,752,850
1998.jpg,4253,2710,mask,1326,898,2805,2232
2.jpg,320,433,nomask,66,111,254,374
20.jpg,320,428,nomask,73,71,274,344
2001.jpg,850,850,mask,353,266,512,420
2004.jpg,780,520,mask,401,259,609,434
201.jpg,320,433,nomask,85,108,263,349
2012.jpg,400,601,mask,105,312,304,417
2022.jpg,1200,1000,mask,251,362,798,751
2025.jpg,494,488,mask,202,157,453,425
203.jpg,300,168,nomask,112,36,187,157
204.jpg,327,433,nomask,58,76,253,339
206.jpg,320,428,nomask,70,113,296,401
2063.jpg,1024,1024,mask,351,513,715,761
2069.jpg,1000,1432,mask,414,468,664,707
207.jpg,225,225,nomask,59,29,185,211
208.jpg,261,193,nomask,119,29,199,137
210.jpg,222,227,nomask,33,4,186,209
211.jpg,225,225,nomask,66,94,133,187
212.jpg,300,418,nomask,38,93,229,327
213.jpg,341,456,nomask,56,102,252,352
214.jpg,207,329,nomask,50,106,173,251
215.jpg,320,428,nomask,83,111,272,358
216.jpg,320,428,nomask,70,76,255,355
217.jpg,327,433,nomask,81,55,265,334
218.jpg,327,433,nomask,79,74,260,362
22.jpg,441,494,nomask,175,139,321,348
220.jpg,309,322,nomask,65,90,200,234
221.jpg,320,428,nomask,59,96,250,372
222.jpg,320,428,nomask,62,118,255,362
223.jpg,183,275,nomask,10,16,142,192
224.jpg,320,433,nomask,55,93,262,373
225.jpg,184,274,nomask,51,65,132,165
226.jpg,110,222,nomask,24,76,109,195
227.jpg,797,650,nomask,322,174,575,542
228.jpg,503,450,nomask,162,102,317,279
229.jpg,316,313,nomask,106,36,237,199
23.jpg,194,260,nomask,56,36,138,158
230.jpg,353,502,nomask,55,69,324,413
231.jpg,320,428,nomask,69,63,255,350
232.jpg,320,433,nomask,66,100,279,356
233.jpg,249,203,nomask,59,46,187,187
234.jpg,290,417,nomask,73,115,236,330
237.jpg,242,359,nomask,44,65,208,289
239.jpg,320,428,nomask,79,119,264,367
24.jpg,349,367,nomask,50,91,231,260
240.jpg,179,281,nomask,53,71,130,200
241.jpg,229,220,nomask,86,30,153,137
242.jpg,320,428,nomask,58,108,248,357
243.jpg,345,390,nomask,120,40,255,232
244.jpg,209,247,nomask,73,67,171,198
246.jpg,320,428,nomask,61,115,249,368
247.jpg,155,157,nomask,47,20,102,105
248.jpg,315,395,nomask,41,74,215,309
249.jpg,313,423,nomask,48,107,213,352
250.jpg,320,433,nomask,81,82,291,361
251.jpg,388,489,nomask,105,95,239,265
252.jpg,320,428,nomask,67,55,252,369
253.jpg,318,442,nomask,54,74,249,349
254.jpg,166,251,nomask,39,49,111,159
255.jpg,308,384,nomask,13,100,199,330
256.jpg,193,261,nomask,28,28,158,240
258.jpg,320,428,nomask,63,61,275,344
259.jpg,327,433,nomask,76,100,274,378
26.jpg,444,455,nomask,64,87,277,328
260.jpg,320,428,nomask,65,100,267,368
261.jpg,320,428,nomask,59,84,274,362
262.jpg,292,446,nomask,37,126,203,352
263.jpg,351,416,nomask,41,142,230,354
264.jpg,480,480,nomask,135,74,320,292
265.jpg,225,224,nomask,76,22,157,133
266.jpg,320,433,nomask,68,101,258,361
267.jpg,179,281,nomask,56,36,131,139
269.jpg,277,405,nomask,76,73,223,286
27.jpg,320,433,nomask,68,103,265,382
270.jpg,408,432,nomask,57,63,281,323
271.jpg,290,174,nomask,69,26,144,138
271.jpg,290,174,nomask,174,39,256,132
275.jpg,214,316,nomask,61,46,180,237
276.jpg,205,251,nomask,78,64,166,176
278.jpg,768,960,nomask,26,9,507,415
28.jpg,396,511,nomask,52,121,311,404
280.jpg,320,428,nomask,85,92,248,374
281.jpg,205,246,nomask,44,74,162,214
282.jpg,320,428,nomask,83,78,279,371
283.jpg,377,502,nomask,133,128,291,322
284.jpg,398,576,nomask,131,143,353,405
285.jpg,365,418,nomask,102,55,264,280
286.jpg,320,428,nomask,81,72,268,368
287.jpg,327,433,nomask,81,49,282,336
288.jpg,320,428,nomask,58,85,252,360
289.jpg,276,182,nomask,104,44,171,159
29.jpg,320,428,nomask,64,116,263,367
290.jpg,320,433,nomask,50,89,254,364
291.jpg,225,225,nomask,43,32,189,206
292.jpg,341,382,nomask,73,57,214,255
293.jpg,320,428,nomask,70,78,285,348
294.jpg,320,428,nomask,58,97,261,378
295.jpg,320,428,nomask,76,119,261,383
297.jpg,313,449,nomask,14,76,220,328
298.jpg,297,455,nomask,21,107,252,406
299.jpg,658,382,nomask,159,24,347,241
3.jpg,320,433,nomask,52,146,271,346
30.jpg,148,235,nomask,51,66,126,172
300.jpg,320,428,nomask,62,80,270,335
301.jpg,363,395,nomask,65,43,318,355
302.jpg,320,428,nomask,88,89,272,361
303.jpg,280,461,nomask,34,77,248,350
306.jpg,320,428,nomask,67,74,255,354
307.jpg,322,363,nomask,93,34,266,290
308.jpg,189,266,nomask,63,24,150,156
309.jpg,320,428,nomask,87,103,270,378
31.jpg,327,433,nomask,76,45,276,333
310.jpg,320,428,nomask,76,90,264,337
311.jpg,320,433,nomask,62,74,268,334
312.jpg,209,272,nomask,32,78,177,239
315.jpg,320,428,nomask,72,120,257,368
316.jpg,480,640,nomask,83,76,295,330
317.jpg,264,331,nomask,64,44,191,254
318.jpg,320,428,nomask,72,114,246,364
319.jpg,327,433,nomask,76,86,256,337
32.jpg,317,458,nomask,76,107,201,273
321.jpg,320,428,nomask,66,117,257,378
322.jpg,204,247,nomask,62,15,150,137
323.jpg,225,225,nomask,56,40,169,200
324.jpg,320,428,nomask,66,127,261,355
325.jpg,327,433,nomask,69,77,263,370
326.jpg,323,339,nomask,73,125,225,297
327.jpg,720,720,nomask,247,170,630,678
328.jpg,576,960,nomask,197,215,354,443
329.jpg,437,400,nomask,59,57,286,338
33.jpg,259,194,nomask,48,14,171,173
330.jpg,320,428,nomask,72,84,260,365
331.jpg,327,433,nomask,57,94,258,366
332.jpg,303,166,nomask,47,2,188,138
334.jpg,191,263,nomask,56,48,138,148
335.jpg,188,268,nomask,50,57,139,151
336.jpg,150,178,nomask,23,14,127,157
337.jpg,189,267,nomask,42,37,146,180
338.jpg,318,442,nomask,66,84,288,387
339.jpg,353,554,nomask,85,116,311,434
34.jpg,194,259,nomask,44,73,156,240
340.jpg,320,428,nomask,57,63,237,339
341.jpg,362,577,nomask,32,96,273,429
344.jpg,279,288,nomask,57,95,206,245
345.jpg,320,428,nomask,63,85,270,365
347.jpg,183,275,nomask,34,36,147,196
348.jpg,320,428,nomask,64,96,258,360
349.jpg,356,549,nomask,49,209,306,521
350.jpg,225,225,nomask,64,54,150,160
351.jpg,213,237,nomask,17,12,195,228
352.jpg,198,276,nomask,56,71,136,176
353.jpg,183,275,nomask,57,28,145,134
36.jpg,167,230,nomask,15,52,137,217
37.jpg,191,213,nomask,52,42,118,133
39.jpg,320,428,nomask,62,102,237,339
4.jpg,232,217,nomask,47,29,192,201
40.jpg,320,428,nomask,60,85,267,350
42.jpg,301,416,nomask,16,76,265,360
43.jpg,320,428,nomask,44,87,262,366
44.jpg,320,428,nomask,61,111,275,359
45.jpg,320,428,nomask,71,67,287,367
46.jpg,320,433,nomask,61,37,285,344
47.jpg,412,501,nomask,53,47,328,438
48.jpg,306,165,nomask,109,21,197,135
49.jpg,182,276,nomask,35,73,155,239
50.jpg,192,262,nomask,49,21,139,151
51.jpg,320,428,nomask,61,80,248,344
52.jpg,324,446,nomask,61,67,278,365
53.jpg,226,280,nomask,44,63,154,185
54.jpg,327,433,nomask,67,82,271,354
55.jpg,540,720,nomask,172,114,398,374
56.jpg,320,428,nomask,57,80,265,368
57.jpg,341,538,nomask,30,116,263,502
58.jpg,473,439,nomask,142,46,326,285
59.jpg,320,428,nomask,57,91,259,367
6.jpg,589,439,nomask,197,117,322,300
61.jpg,307,326,nomask,80,69,245,306
62.jpg,244,263,nomask,39,60,196,226
63.jpg,191,264,nomask,47,55,157,194
64.jpg,320,428,nomask,87,79,278,361
6434.jpg,1052,1080,mask,356,448,755,776
65.jpg,320,428,nomask,85,74,256,336
66.jpg,263,347,nomask,22,83,196,292
67.jpg,225,225,nomask,61,11,182,175
69.jpg,276,381,nomask,62,122,223,327
7.jpg,864,864,nomask,105,259,442,603
70.jpg,320,433,nomask,56,119,251,366
73.jpg,224,240,nomask,69,37,167,147
74.jpg,225,225,nomask,71,48,164,158
76.jpg,244,303,nomask,25,90,159,249
77.jpg,232,217,nomask,43,10,193,195
79.jpg,232,217,nomask,44,12,195,201
80.jpg,167,249,nomask,34,31,130,179
81.jpg,209,258,nomask,36,50,167,219
83.jpg,327,433,nomask,62,73,282,336
84.jpg,231,322,nomask,18,74,166,263
86.jpg,320,428,nomask,66,63,279,352
87.jpg,275,183,nomask,92,28,176,131
88.jpg,303,166,nomask,69,1,224,164
89.jpg,531,800,nomask,142,131,415,541
9.jpg,183,275,nomask,31,59,157,238
90.jpg,320,428,nomask,61,79,255,347
91.jpg,242,208,nomask,79,44,168,173
92.jpg,332,455,nomask,91,174,290,405
93.jpg,230,332,nomask,16,85,189,314
94.jpg,237,252,nomask,73,47,151,151
95.jpg,320,428,nomask,57,107,263,372
96.jpg,228,221,nomask,59,15,171,189
97.jpg,327,433,nomask,67,48,272,353
98.jpg,459,446,nomask,89,94,314,408
99.jpg,327,433,nomask,49,48,266,357
real_00001.jpg,600,600,nomask,192,292,489,582
real_00002.jpg,600,600,nomask,125,155,482,554
real_00003.jpg,600,600,nomask,110,144,397,537
real_00004.jpg,600,600,nomask,164,144,437,561
real_00005.jpg,600,600,nomask,117,109,406,534
real_00006.jpg,600,600,nomask,126,60,487,568
real_00007.jpg,600,600,nomask,172,116,475,540
real_00008.jpg,600,600,nomask,181,166,430,566
real_00009.jpg,600,600,nomask,189,50,519,567
real_00010.jpg,600,600,nomask,86,137,461,577
real_00011.jpg,600,600,nomask,139,116,481,543
real_00012.jpg,600,600,nomask,78,161,526,562
real_00013.jpg,600,600,nomask,119,98,475,556
real_00014.jpg,600,600,nomask,123,126,492,561
real_00015.jpg,600,600,nomask,125,164,468,573
real_00016.jpg,600,600,nomask,95,151,493,578
real_00017.jpg,600,600,nomask,107,87,479,556
real_00018.jpg,600,600,nomask,102,216,425,543
real_00019.jpg,600,600,nomask,130,149,448,570
real_00020.jpg,600,600,nomask,115,109,480,564
real_00021.jpg,600,600,nomask,125,79,467,560
real_00022.jpg,600,600,nomask,115,86,490,559
real_00023.jpg,600,600,nomask,90,64,533,550
real_00024.jpg,600,600,nomask,127,63,493,575
real_00025.jpg,600,600,nomask,148,147,488,574
real_00026.jpg,600,600,nomask,74,106,498,588
real_00027.jpg,600,600,nomask,77,60,488,563
real_00028.jpg,600,600,nomask,119,64,458,544
real_00029.jpg,600,600,nomask,94,34,545,515
real_00030.jpg,600,600,nomask,131,167,439,580
real_00031.jpg,600,600,nomask,111,151,445,581
real_00032.jpg,600,600,nomask,129,94,480,578
real_00033.jpg,600,600,nomask,59,19,525,590
real_00034.jpg,600,600,nomask,39,134,555,572
real_00035.jpg,600,600,nomask,142,178,465,570
real_00036.jpg,600,600,nomask,159,154,445,570
real_00037.jpg,600,600,nomask,74,125,535,565
real_00038.jpg,600,600,nomask,160,105,482,576
real_00039.jpg,600,600,nomask,149,138,488,574
real_00040.jpg,600,600,nomask,140,103,499,560
real_00041.jpg,600,600,nomask,101,96,468,570
real_00042.jpg,600,600,nomask,170,90,489,578
real_00043.jpg,600,600,nomask,131,77,491,588
real_00044.jpg,600,600,nomask,139,94,467,550
real_00045.jpg,600,600,nomask,146,131,487,564
real_00046.jpg,600,600,nomask,78,103,515,562
real_00047.jpg,600,600,nomask,170,154,455,554
real_00048.jpg,600,600,nomask,164,112,492,543
real_00049.jpg,600,600,nomask,127,114,454,568
real_00050.jpg,600,600,nomask,199,144,487,567
real_00051.jpg,600,600,nomask,113,114,463,582
real_00052.jpg,600,600,nomask,112,159,468,584
real_00053.jpg,600,600,nomask,148,114,480,573
real_00054.jpg,600,600,nomask,140,95,500,587
real_00055.jpg,600,600,nomask,161,48,483,562
real_00056.jpg,600,600,nomask,177,51,520,570
real_00057.jpg,600,600,nomask,124,58,519,552
real_00058.jpg,600,600,nomask,78,20,514,584
real_00059.jpg,600,600,nomask,99,103,441,575
real_00060.jpg,600,600,nomask,94,36,525,552
real_00061.jpg,600,600,nomask,82,1,511,543
real_00062.jpg,600,600,nomask,117,85,483,582
real_00063.jpg,600,600,nomask,68,4,507,582
real_00064.jpg,600,600,nomask,92,119,488,540
real_00065.jpg,600,600,nomask,134,121,469,569
real_00066.jpg,600,600,nomask,74,84,487,551
real_00067.jpg,600,600,nomask,80,98,488,546
real_00068.jpg,600,600,nomask,106,164,482,574
real_00069.jpg,600,600,nomask,81,74,476,569
real_00070.jpg,600,600,nomask,99,182,482,544
real_00071.jpg,600,600,nomask,133,124,448,546
real_00072.jpg,600,600,nomask,119,85,513,559
real_00073.jpg,600,600,nomask,125,140,449,567
real_00074.jpg,600,600,nomask,126,66,524,573
real_00075.jpg,600,600,nomask,82,81,454,566
real_00076.jpg,600,600,nomask,117,74,492,574
real_00077.jpg,600,600,nomask,69,72,514,564
real_00078.jpg,600,600,nomask,105,87,463,561
real_00079.jpg,600,600,nomask,107,87,460,564
real_00080.jpg,600,600,nomask,145,161,530,576
real_00081.jpg,600,600,nomask,57,84,447,568
real_00082.jpg,600,600,nomask,87,64,504,576
real_00083.jpg,600,600,nomask,99,154,477,574
real_00084.jpg,600,600,nomask,85,116,509,573
real_00085.jpg,600,600,nomask,87,28,536,556
real_00086.jpg,600,600,nomask,87,79,506,581
real_00087.jpg,600,600,nomask,139,92,445,566
real_00088.jpg,600,600,nomask,81,94,543,570
real_00089.jpg,600,600,nomask,84,61,495,584
real_00090.jpg,600,600,nomask,59,67,520,554
real_00091.jpg,600,600,nomask,53,88,511,553
real_00092.jpg,600,600,nomask,81,91,488,588
real_00093.jpg,600,600,nomask,104,127,526,597
real_00094.jpg,600,600,nomask,48,29,549,598
real_00095.jpg,600,600,nomask,102,111,464,583
real_00096.jpg,600,600,nomask,103,116,519,581
real_00097.jpg,600,600,nomask,64,100,552,564
real_00098.jpg,600,600,nomask,110,40,495,584
real_00099.jpg,600,600,nomask,77,100,568,591
real_00100.jpg,600,600,nomask,69,70,472,574
real_00101.jpg,600,600,nomask,98,34,483,593
real_00152.jpg,600,600,nomask,131,152,418,555
real_00155.jpg,600,600,nomask,108,7,528,594
real_00982.jpg,600,600,nomask,97,98,495,595
real_00983.jpg,600,600,nomask,119,77,494,560
real_00984.jpg,600,600,nomask,77,72,548,570
real_00985.jpg,600,600,nomask,126,94,507,549
real_00986.jpg,600,600,nomask,97,139,445,570
real_00987.jpg,600,600,nomask,106,102,485,546
real_00988.jpg,600,600,nomask,134,92,539,584
real_00989.jpg,600,600,nomask,131,143,464,557
real_00990.jpg,600,600,nomask,169,168,439,567
real_00991.jpg,600,600,nomask,99,160,405,540
real_00992.jpg,600,600,nomask,75,14,551,579
real_00993.jpg,600,600,nomask,101,69,528,587
real_00994.jpg,600,600,nomask,108,18,564,561
real_00995.jpg,600,600,nomask,78,45,471,556
real_00996.jpg,600,600,nomask,98,15,558,563
real_00997.jpg,600,600,nomask,129,50,441,563
real_00998.jpg,600,600,nomask,110,87,436,572
real_00999.jpg,600,600,nomask,119,74,469,558
real_01000.jpg,600,600,nomask,99,90,481,578
real_01001.jpg,600,600,nomask,116,99,479,568
real_01002.jpg,600,600,nomask,122,115,438,574
real_01003.jpg,600,600,nomask,99,101,452,584
real_01004.jpg,600,600,nomask,89,133,543,558
real_01005.jpg,600,600,nomask,117,143,495,592
real_01006.jpg,600,600,nomask,119,110,493,579
real_01007.jpg,600,600,nomask,80,145,542,564
real_01008.jpg,600,600,nomask,163,126,451,564
real_01009.jpg,600,600,nomask,113,104,514,577
real_01010.jpg,600,600,nomask,114,130,495,571
real_01011.jpg,600,600,nomask,94,135,462,568
real_01012.jpg,600,600,nomask,100,29,539,538
real_01013.jpg,600,600,nomask,112,94,505,571
real_01014.jpg,600,600,nomask,49,73,541,573
real_01015.jpg,600,600,nomask,132,77,535,556
real_01016.jpg,600,600,nomask,127,104,436,551
real_01017.jpg,600,600,nomask,99,93,499,555
real_01018.jpg,600,600,nomask,95,73,521,581
real_01019.jpg,600,600,nomask,128,54,500,574
real_01020.jpg,600,600,nomask,142,165,490,575
real_01021.jpg,600,600,nomask,132,174,489,580
real_01022.jpg,600,600,nomask,113,148,456,556
real_01023.jpg,600,600,nomask,114,90,456,573
real_01024.jpg,600,600,nomask,117,86,519,567
real_01025.jpg,600,600,nomask,46,99,429,568
real_01026.jpg,600,600,nomask,149,73,471,549
real_01027.jpg,600,600,nomask,156,41,496,592
real_01028.jpg,600,600,nomask,153,112,433,554
real_01029.jpg,600,600,nomask,132,175,449,575
real_01030.jpg,600,600,nomask,147,119,474,580
real_01031.jpg,600,600,nomask,154,126,454,587
